interaction_id,question_type,domain,retrieved_gold,n_words,t,t_suf,t_sc,top1_stable_streak,top1_changed,named_entity_detected,words_since_first_ne,question_word_type,label,label_sc
c225b0a2-227d-46e2-8366-4096f6dd5a87,simple_w_condition,sports,True,6,1,3,4,1,0,0,0,who,0,0
c225b0a2-227d-46e2-8366-4096f6dd5a87,simple_w_condition,sports,True,6,2,3,4,1,1,0,0,who,0,0
c225b0a2-227d-46e2-8366-4096f6dd5a87,simple_w_condition,sports,True,6,3,3,4,2,0,0,0,who,1,0
c225b0a2-227d-46e2-8366-4096f6dd5a87,simple_w_condition,sports,True,6,4,3,4,1,1,1,0,who,1,1
c225b0a2-227d-46e2-8366-4096f6dd5a87,simple_w_condition,sports,True,6,5,3,4,2,0,1,1,who,1,1
c225b0a2-227d-46e2-8366-4096f6dd5a87,simple_w_condition,sports,True,6,6,3,4,3,0,1,2,who,1,1
7593f33d-1f12-4f27-bcb2-87a034a3b8f2,set,open,True,12,1,7,9,1,0,0,0,what,0,0
7593f33d-1f12-4f27-bcb2-87a034a3b8f2,set,open,True,12,2,7,9,2,0,0,0,what,0,0
7593f33d-1f12-4f27-bcb2-87a034a3b8f2,set,open,True,12,3,7,9,1,1,0,0,what,0,0
7593f33d-1f12-4f27-bcb2-87a034a3b8f2,set,open,True,12,4,7,9,1,1,0,0,what,0,0
7593f33d-1f12-4f27-bcb2-87a034a3b8f2,set,open,True,12,5,7,9,2,0,0,0,what,0,0
7593f33d-1f12-4f27-bcb2-87a034a3b8f2,set,open,True,12,6,7,9,1,1,0,0,what,0,0
7593f33d-1f12-4f27-bcb2-87a034a3b8f2,set,open,True,12,7,7,9,2,0,0,0,what,1,0
7593f33d-1f12-4f27-bcb2-87a034a3b8f2,set,open,True,12,8,7,9,3,0,0,0,what,1,0
7593f33d-1f12-4f27-bcb2-87a034a3b8f2,set,open,True,12,9,7,9,1,1,0,0,what,1,1
7593f33d-1f12-4f27-bcb2-87a034a3b8f2,set,open,True,12,10,7,9,2,0,0,0,what,1,1
7593f33d-1f12-4f27-bcb2-87a034a3b8f2,set,open,True,12,11,7,9,3,0,0,0,what,1,1
7593f33d-1f12-4f27-bcb2-87a034a3b8f2,set,open,True,12,12,7,9,4,0,0,0,what,1,1
049ab05b-fd1a-42a0-b749-38eeedb0ac72,simple,finance,True,7,1,3,7,1,0,0,0,other,0,0
049ab05b-fd1a-42a0-b749-38eeedb0ac72,simple,finance,True,7,2,3,7,2,0,0,0,other,0,0
049ab05b-fd1a-42a0-b749-38eeedb0ac72,simple,finance,True,7,3,3,7,3,0,0,0,other,1,0
049ab05b-fd1a-42a0-b749-38eeedb0ac72,simple,finance,True,7,4,3,7,4,0,0,0,other,1,0
049ab05b-fd1a-42a0-b749-38eeedb0ac72,simple,finance,True,7,5,3,7,5,0,0,0,other,1,0
049ab05b-fd1a-42a0-b749-38eeedb0ac72,simple,finance,True,7,6,3,7,6,0,0,0,other,1,0
049ab05b-fd1a-42a0-b749-38eeedb0ac72,simple,finance,True,7,7,3,7,1,1,1,0,other,1,1
5210df0b-2b03-42c4-8766-82f4c06af208,simple_w_condition,sports,True,16,1,11,12,1,0,0,0,which,0,0
5210df0b-2b03-42c4-8766-82f4c06af208,simple_w_condition,sports,True,16,2,11,12,2,0,0,0,which,0,0
5210df0b-2b03-42c4-8766-82f4c06af208,simple_w_condition,sports,True,16,3,11,12,1,1,0,0,which,0,0
5210df0b-2b03-42c4-8766-82f4c06af208,simple_w_condition,sports,True,16,4,11,12,2,0,0,0,which,0,0
5210df0b-2b03-42c4-8766-82f4c06af208,simple_w_condition,sports,True,16,5,11,12,1,1,0,0,which,0,0
5210df0b-2b03-42c4-8766-82f4c06af208,simple_w_condition,sports,True,16,6,11,12,2,0,0,0,which,0,0
5210df0b-2b03-42c4-8766-82f4c06af208,simple_w_condition,sports,True,16,7,11,12,3,0,0,0,which,0,0
5210df0b-2b03-42c4-8766-82f4c06af208,simple_w_condition,sports,True,16,8,11,12,4,0,0,0,which,0,0
5210df0b-2b03-42c4-8766-82f4c06af208,simple_w_condition,sports,True,16,9,11,12,5,0,0,0,which,0,0
5210df0b-2b03-42c4-8766-82f4c06af208,simple_w_condition,sports,True,16,10,11,12,6,0,0,0,which,0,0
5210df0b-2b03-42c4-8766-82f4c06af208,simple_w_condition,sports,True,16,11,11,12,7,0,0,0,which,1,0
5210df0b-2b03-42c4-8766-82f4c06af208,simple_w_condition,sports,True,16,12,11,12,1,1,0,0,which,1,1
5210df0b-2b03-42c4-8766-82f4c06af208,simple_w_condition,sports,True,16,13,11,12,2,0,0,0,which,1,1
5210df0b-2b03-42c4-8766-82f4c06af208,simple_w_condition,sports,True,16,14,11,12,3,0,0,0,which,1,1
5210df0b-2b03-42c4-8766-82f4c06af208,simple_w_condition,sports,True,16,15,11,12,4,0,0,0,which,1,1
5210df0b-2b03-42c4-8766-82f4c06af208,simple_w_condition,sports,True,16,16,11,12,5,0,1,0,which,1,1
271b5335-55d3-4a6c-9a18-df920ab3d6fe,simple,movie,True,16,1,2,12,1,0,0,0,what,0,0
271b5335-55d3-4a6c-9a18-df920ab3d6fe,simple,movie,True,16,2,2,12,1,1,0,0,what,1,0
271b5335-55d3-4a6c-9a18-df920ab3d6fe,simple,movie,True,16,3,2,12,1,1,0,0,what,1,0
271b5335-55d3-4a6c-9a18-df920ab3d6fe,simple,movie,True,16,4,2,12,2,0,0,0,what,1,0
271b5335-55d3-4a6c-9a18-df920ab3d6fe,simple,movie,True,16,5,2,12,3,0,0,0,what,1,0
271b5335-55d3-4a6c-9a18-df920ab3d6fe,simple,movie,True,16,6,2,12,4,0,0,0,what,1,0
271b5335-55d3-4a6c-9a18-df920ab3d6fe,simple,movie,True,16,7,2,12,5,0,0,0,what,1,0
271b5335-55d3-4a6c-9a18-df920ab3d6fe,simple,movie,True,16,8,2,12,6,0,0,0,what,1,0
271b5335-55d3-4a6c-9a18-df920ab3d6fe,simple,movie,True,16,9,2,12,7,0,0,0,what,1,0
271b5335-55d3-4a6c-9a18-df920ab3d6fe,simple,movie,True,16,10,2,12,1,1,0,0,what,1,0
271b5335-55d3-4a6c-9a18-df920ab3d6fe,simple,movie,True,16,11,2,12,2,0,0,0,what,1,0
271b5335-55d3-4a6c-9a18-df920ab3d6fe,simple,movie,True,16,12,2,12,1,1,1,0,what,1,1
271b5335-55d3-4a6c-9a18-df920ab3d6fe,simple,movie,True,16,13,2,12,2,0,1,1,what,1,1
271b5335-55d3-4a6c-9a18-df920ab3d6fe,simple,movie,True,16,14,2,12,3,0,1,2,what,1,1
271b5335-55d3-4a6c-9a18-df920ab3d6fe,simple,movie,True,16,15,2,12,4,0,1,3,what,1,1
271b5335-55d3-4a6c-9a18-df920ab3d6fe,simple,movie,True,16,16,2,12,5,0,1,4,what,1,1
e1f23120-439a-41d3-ac02-96bc310df0e2,multi-hop,movie,True,13,1,3,10,1,0,0,0,which,0,0
e1f23120-439a-41d3-ac02-96bc310df0e2,multi-hop,movie,True,13,2,3,10,2,0,0,0,which,0,0
e1f23120-439a-41d3-ac02-96bc310df0e2,multi-hop,movie,True,13,3,3,10,1,1,1,0,which,1,0
e1f23120-439a-41d3-ac02-96bc310df0e2,multi-hop,movie,True,13,4,3,10,2,0,1,1,which,1,0
e1f23120-439a-41d3-ac02-96bc310df0e2,multi-hop,movie,True,13,5,3,10,3,0,1,2,which,1,0
e1f23120-439a-41d3-ac02-96bc310df0e2,multi-hop,movie,True,13,6,3,10,4,0,1,3,which,1,0
e1f23120-439a-41d3-ac02-96bc310df0e2,multi-hop,movie,True,13,7,3,10,5,0,1,4,which,1,0
e1f23120-439a-41d3-ac02-96bc310df0e2,multi-hop,movie,True,13,8,3,10,6,0,1,5,which,1,0
e1f23120-439a-41d3-ac02-96bc310df0e2,multi-hop,movie,True,13,9,3,10,7,0,1,6,which,1,0
e1f23120-439a-41d3-ac02-96bc310df0e2,multi-hop,movie,True,13,10,3,10,1,1,1,7,which,1,1
e1f23120-439a-41d3-ac02-96bc310df0e2,multi-hop,movie,True,13,11,3,10,2,0,1,8,which,1,1
e1f23120-439a-41d3-ac02-96bc310df0e2,multi-hop,movie,True,13,12,3,10,3,0,1,9,which,1,1
e1f23120-439a-41d3-ac02-96bc310df0e2,multi-hop,movie,True,13,13,3,10,4,0,1,10,which,1,1
928d39a6-4dc1-406d-a3c8-cfd871d9488e,simple,movie,True,13,1,5,13,1,0,0,0,who,0,0
928d39a6-4dc1-406d-a3c8-cfd871d9488e,simple,movie,True,13,2,5,13,1,1,0,0,who,0,0
928d39a6-4dc1-406d-a3c8-cfd871d9488e,simple,movie,True,13,3,5,13,2,0,0,0,who,0,0
928d39a6-4dc1-406d-a3c8-cfd871d9488e,simple,movie,True,13,4,5,13,1,1,0,0,who,0,0
928d39a6-4dc1-406d-a3c8-cfd871d9488e,simple,movie,True,13,5,5,13,1,1,0,0,who,1,0
928d39a6-4dc1-406d-a3c8-cfd871d9488e,simple,movie,True,13,6,5,13,1,1,0,0,who,1,0
928d39a6-4dc1-406d-a3c8-cfd871d9488e,simple,movie,True,13,7,5,13,2,0,0,0,who,1,0
928d39a6-4dc1-406d-a3c8-cfd871d9488e,simple,movie,True,13,8,5,13,3,0,0,0,who,1,0
928d39a6-4dc1-406d-a3c8-cfd871d9488e,simple,movie,True,13,9,5,13,1,1,0,0,who,1,0
928d39a6-4dc1-406d-a3c8-cfd871d9488e,simple,movie,True,13,10,5,13,1,1,0,0,who,1,0
928d39a6-4dc1-406d-a3c8-cfd871d9488e,simple,movie,True,13,11,5,13,1,1,0,0,who,1,0
928d39a6-4dc1-406d-a3c8-cfd871d9488e,simple,movie,True,13,12,5,13,2,0,0,0,who,1,0
928d39a6-4dc1-406d-a3c8-cfd871d9488e,simple,movie,True,13,13,5,13,1,1,1,0,who,1,1
3088c90a-3129-4f4a-9210-de714fbb6405,comparison,movie,True,15,1,3,10,1,0,0,0,which,0,0
3088c90a-3129-4f4a-9210-de714fbb6405,comparison,movie,True,15,2,3,10,1,1,0,0,which,0,0
3088c90a-3129-4f4a-9210-de714fbb6405,comparison,movie,True,15,3,3,10,2,0,0,0,which,1,0
3088c90a-3129-4f4a-9210-de714fbb6405,comparison,movie,True,15,4,3,10,1,1,0,0,which,1,0
3088c90a-3129-4f4a-9210-de714fbb6405,comparison,movie,True,15,5,3,10,2,0,0,0,which,1,0
3088c90a-3129-4f4a-9210-de714fbb6405,comparison,movie,True,15,6,3,10,3,0,0,0,which,1,0
3088c90a-3129-4f4a-9210-de714fbb6405,comparison,movie,True,15,7,3,10,4,0,0,0,which,1,0
3088c90a-3129-4f4a-9210-de714fbb6405,comparison,movie,True,15,8,3,10,5,0,0,0,which,1,0
3088c90a-3129-4f4a-9210-de714fbb6405,comparison,movie,True,15,9,3,10,6,0,0,0,which,1,0
3088c90a-3129-4f4a-9210-de714fbb6405,comparison,movie,True,15,10,3,10,1,1,0,0,which,1,1
3088c90a-3129-4f4a-9210-de714fbb6405,comparison,movie,True,15,11,3,10,2,0,0,0,which,1,1
3088c90a-3129-4f4a-9210-de714fbb6405,comparison,movie,True,15,12,3,10,3,0,1,0,which,1,1
3088c90a-3129-4f4a-9210-de714fbb6405,comparison,movie,True,15,13,3,10,4,0,1,1,which,1,1
3088c90a-3129-4f4a-9210-de714fbb6405,comparison,movie,True,15,14,3,10,5,0,1,2,which,1,1
3088c90a-3129-4f4a-9210-de714fbb6405,comparison,movie,True,15,15,3,10,6,0,1,3,which,1,1
a313fa3e-e185-4f22-9482-b27426edfa22,simple,music,True,7,1,2,2,1,0,0,0,what,0,0
a313fa3e-e185-4f22-9482-b27426edfa22,simple,music,True,7,2,2,2,1,1,0,0,what,1,1
a313fa3e-e185-4f22-9482-b27426edfa22,simple,music,True,7,3,2,2,2,0,0,0,what,1,1
a313fa3e-e185-4f22-9482-b27426edfa22,simple,music,True,7,4,2,2,3,0,1,0,what,1,1
a313fa3e-e185-4f22-9482-b27426edfa22,simple,music,True,7,5,2,2,4,0,1,1,what,1,1
a313fa3e-e185-4f22-9482-b27426edfa22,simple,music,True,7,6,2,2,5,0,1,2,what,1,1
a313fa3e-e185-4f22-9482-b27426edfa22,simple,music,True,7,7,2,2,6,0,1,3,what,1,1
92e81984-b349-493a-b735-6b6e90cccb75,multi-hop,open,True,14,1,2,4,1,0,0,0,what,0,0
92e81984-b349-493a-b735-6b6e90cccb75,multi-hop,open,True,14,2,2,4,2,0,0,0,what,1,0
92e81984-b349-493a-b735-6b6e90cccb75,multi-hop,open,True,14,3,2,4,3,0,0,0,what,1,0
92e81984-b349-493a-b735-6b6e90cccb75,multi-hop,open,True,14,4,2,4,1,1,0,0,what,1,1
92e81984-b349-493a-b735-6b6e90cccb75,multi-hop,open,True,14,5,2,4,2,0,0,0,what,1,1
92e81984-b349-493a-b735-6b6e90cccb75,multi-hop,open,True,14,6,2,4,3,0,0,0,what,1,1
92e81984-b349-493a-b735-6b6e90cccb75,multi-hop,open,True,14,7,2,4,4,0,0,0,what,1,1
92e81984-b349-493a-b735-6b6e90cccb75,multi-hop,open,True,14,8,2,4,5,0,0,0,what,1,1
92e81984-b349-493a-b735-6b6e90cccb75,multi-hop,open,True,14,9,2,4,6,0,0,0,what,1,1
92e81984-b349-493a-b735-6b6e90cccb75,multi-hop,open,True,14,10,2,4,7,0,0,0,what,1,1
92e81984-b349-493a-b735-6b6e90cccb75,multi-hop,open,True,14,11,2,4,8,0,0,0,what,1,1
92e81984-b349-493a-b735-6b6e90cccb75,multi-hop,open,True,14,12,2,4,9,0,1,0,what,1,1
92e81984-b349-493a-b735-6b6e90cccb75,multi-hop,open,True,14,13,2,4,10,0,1,1,what,1,1
92e81984-b349-493a-b735-6b6e90cccb75,multi-hop,open,True,14,14,2,4,11,0,1,2,what,1,1
074ec17c-e14b-4671-abb4-51c0b833758d,set,open,True,10,1,9,4,1,0,0,0,what,0,0
074ec17c-e14b-4671-abb4-51c0b833758d,set,open,True,10,2,9,4,1,1,0,0,what,0,0
074ec17c-e14b-4671-abb4-51c0b833758d,set,open,True,10,3,9,4,2,0,0,0,what,0,0
074ec17c-e14b-4671-abb4-51c0b833758d,set,open,True,10,4,9,4,1,1,0,0,what,0,1
074ec17c-e14b-4671-abb4-51c0b833758d,set,open,True,10,5,9,4,2,0,0,0,what,0,1
074ec17c-e14b-4671-abb4-51c0b833758d,set,open,True,10,6,9,4,3,0,0,0,what,0,1
074ec17c-e14b-4671-abb4-51c0b833758d,set,open,True,10,7,9,4,4,0,0,0,what,0,1
074ec17c-e14b-4671-abb4-51c0b833758d,set,open,True,10,8,9,4,5,0,0,0,what,0,1
074ec17c-e14b-4671-abb4-51c0b833758d,set,open,True,10,9,9,4,6,0,0,0,what,1,1
074ec17c-e14b-4671-abb4-51c0b833758d,set,open,True,10,10,9,4,7,0,0,0,what,1,1
d7027475-9a01-46ab-96c2-fe86fb8f10b4,simple_w_condition,music,True,12,1,4,8,1,0,0,0,other,0,0
d7027475-9a01-46ab-96c2-fe86fb8f10b4,simple_w_condition,music,True,12,2,4,8,2,0,1,0,other,0,0
d7027475-9a01-46ab-96c2-fe86fb8f10b4,simple_w_condition,music,True,12,3,4,8,1,1,1,1,other,0,0
d7027475-9a01-46ab-96c2-fe86fb8f10b4,simple_w_condition,music,True,12,4,4,8,1,1,1,2,other,1,0
d7027475-9a01-46ab-96c2-fe86fb8f10b4,simple_w_condition,music,True,12,5,4,8,2,0,1,3,other,1,0
d7027475-9a01-46ab-96c2-fe86fb8f10b4,simple_w_condition,music,True,12,6,4,8,3,0,1,4,other,1,0
d7027475-9a01-46ab-96c2-fe86fb8f10b4,simple_w_condition,music,True,12,7,4,8,4,0,1,5,other,1,0
d7027475-9a01-46ab-96c2-fe86fb8f10b4,simple_w_condition,music,True,12,8,4,8,1,1,1,6,other,1,1
d7027475-9a01-46ab-96c2-fe86fb8f10b4,simple_w_condition,music,True,12,9,4,8,2,0,1,7,other,1,1
d7027475-9a01-46ab-96c2-fe86fb8f10b4,simple_w_condition,music,True,12,10,4,8,3,0,1,8,other,1,1
d7027475-9a01-46ab-96c2-fe86fb8f10b4,simple_w_condition,music,True,12,11,4,8,4,0,1,9,other,1,1
d7027475-9a01-46ab-96c2-fe86fb8f10b4,simple_w_condition,music,True,12,12,4,8,5,0,1,10,other,1,1
0b66f0b3-b320-4ba7-b255-000c1adf97a8,comparison,movie,True,16,1,15,16,1,0,0,0,which,0,0
0b66f0b3-b320-4ba7-b255-000c1adf97a8,comparison,movie,True,16,2,15,16,1,1,0,0,which,0,0
0b66f0b3-b320-4ba7-b255-000c1adf97a8,comparison,movie,True,16,3,15,16,2,0,0,0,which,0,0
0b66f0b3-b320-4ba7-b255-000c1adf97a8,comparison,movie,True,16,4,15,16,3,0,0,0,which,0,0
0b66f0b3-b320-4ba7-b255-000c1adf97a8,comparison,movie,True,16,5,15,16,4,0,0,0,which,0,0
0b66f0b3-b320-4ba7-b255-000c1adf97a8,comparison,movie,True,16,6,15,16,1,1,0,0,which,0,0
0b66f0b3-b320-4ba7-b255-000c1adf97a8,comparison,movie,True,16,7,15,16,2,0,0,0,which,0,0
0b66f0b3-b320-4ba7-b255-000c1adf97a8,comparison,movie,True,16,8,15,16,3,0,0,0,which,0,0
0b66f0b3-b320-4ba7-b255-000c1adf97a8,comparison,movie,True,16,9,15,16,4,0,0,0,which,0,0
0b66f0b3-b320-4ba7-b255-000c1adf97a8,comparison,movie,True,16,10,15,16,5,0,0,0,which,0,0
0b66f0b3-b320-4ba7-b255-000c1adf97a8,comparison,movie,True,16,11,15,16,6,0,0,0,which,0,0
0b66f0b3-b320-4ba7-b255-000c1adf97a8,comparison,movie,True,16,12,15,16,7,0,0,0,which,0,0
0b66f0b3-b320-4ba7-b255-000c1adf97a8,comparison,movie,True,16,13,15,16,8,0,0,0,which,0,0
0b66f0b3-b320-4ba7-b255-000c1adf97a8,comparison,movie,True,16,14,15,16,9,0,0,0,which,0,0
0b66f0b3-b320-4ba7-b255-000c1adf97a8,comparison,movie,True,16,15,15,16,10,0,0,0,which,1,0
0b66f0b3-b320-4ba7-b255-000c1adf97a8,comparison,movie,True,16,16,15,16,1,1,0,0,which,1,1
8d194198-f9a6-4988-a509-d3c138af56a6,simple,movie,True,8,1,8,8,1,0,0,0,who,0,0
8d194198-f9a6-4988-a509-d3c138af56a6,simple,movie,True,8,2,8,8,1,1,0,0,who,0,0
8d194198-f9a6-4988-a509-d3c138af56a6,simple,movie,True,8,3,8,8,2,0,0,0,who,0,0
8d194198-f9a6-4988-a509-d3c138af56a6,simple,movie,True,8,4,8,8,1,1,0,0,who,0,0
8d194198-f9a6-4988-a509-d3c138af56a6,simple,movie,True,8,5,8,8,2,0,0,0,who,0,0
8d194198-f9a6-4988-a509-d3c138af56a6,simple,movie,True,8,6,8,8,3,0,0,0,who,0,0
8d194198-f9a6-4988-a509-d3c138af56a6,simple,movie,True,8,7,8,8,1,1,0,0,who,0,0
8d194198-f9a6-4988-a509-d3c138af56a6,simple,movie,True,8,8,8,8,1,1,1,0,who,1,1
22c133fc-5570-4a1d-aa8a-5c37164bf577,simple_w_condition,movie,True,9,1,1,8,1,0,0,0,what,1,0
22c133fc-5570-4a1d-aa8a-5c37164bf577,simple_w_condition,movie,True,9,2,1,8,2,0,0,0,what,1,0
22c133fc-5570-4a1d-aa8a-5c37164bf577,simple_w_condition,movie,True,9,3,1,8,3,0,0,0,what,1,0
22c133fc-5570-4a1d-aa8a-5c37164bf577,simple_w_condition,movie,True,9,4,1,8,4,0,0,0,what,1,0
22c133fc-5570-4a1d-aa8a-5c37164bf577,simple_w_condition,movie,True,9,5,1,8,1,1,0,0,what,1,0
22c133fc-5570-4a1d-aa8a-5c37164bf577,simple_w_condition,movie,True,9,6,1,8,1,1,0,0,what,1,0
22c133fc-5570-4a1d-aa8a-5c37164bf577,simple_w_condition,movie,True,9,7,1,8,2,0,0,0,what,1,0
22c133fc-5570-4a1d-aa8a-5c37164bf577,simple_w_condition,movie,True,9,8,1,8,1,1,0,0,what,1,1
22c133fc-5570-4a1d-aa8a-5c37164bf577,simple_w_condition,movie,True,9,9,1,8,2,0,0,0,what,1,1
18d6459e-5442-4693-bde2-8b8f50646cc6,comparison,movie,True,11,1,7,10,1,0,0,0,who,0,0
18d6459e-5442-4693-bde2-8b8f50646cc6,comparison,movie,True,11,2,7,10,2,0,0,0,who,0,0
18d6459e-5442-4693-bde2-8b8f50646cc6,comparison,movie,True,11,3,7,10,3,0,0,0,who,0,0
18d6459e-5442-4693-bde2-8b8f50646cc6,comparison,movie,True,11,4,7,10,1,1,0,0,who,0,0
18d6459e-5442-4693-bde2-8b8f50646cc6,comparison,movie,True,11,5,7,10,1,1,0,0,who,0,0
18d6459e-5442-4693-bde2-8b8f50646cc6,comparison,movie,True,11,6,7,10,2,0,0,0,who,0,0
18d6459e-5442-4693-bde2-8b8f50646cc6,comparison,movie,True,11,7,7,10,3,0,0,0,who,1,0
18d6459e-5442-4693-bde2-8b8f50646cc6,comparison,movie,True,11,8,7,10,1,1,0,0,who,1,0
18d6459e-5442-4693-bde2-8b8f50646cc6,comparison,movie,True,11,9,7,10,2,0,0,0,who,1,0
18d6459e-5442-4693-bde2-8b8f50646cc6,comparison,movie,True,11,10,7,10,1,1,1,0,who,1,1
18d6459e-5442-4693-bde2-8b8f50646cc6,comparison,movie,True,11,11,7,10,2,0,1,1,who,1,1
ad86db5f-5046-4904-8551-54a535a1999d,simple,movie,True,10,1,1,8,1,0,0,0,which,1,0
ad86db5f-5046-4904-8551-54a535a1999d,simple,movie,True,10,2,1,8,1,1,0,0,which,1,0
ad86db5f-5046-4904-8551-54a535a1999d,simple,movie,True,10,3,1,8,1,1,0,0,which,1,0
ad86db5f-5046-4904-8551-54a535a1999d,simple,movie,True,10,4,1,8,2,0,0,0,which,1,0
ad86db5f-5046-4904-8551-54a535a1999d,simple,movie,True,10,5,1,8,3,0,0,0,which,1,0
ad86db5f-5046-4904-8551-54a535a1999d,simple,movie,True,10,6,1,8,4,0,0,0,which,1,0
ad86db5f-5046-4904-8551-54a535a1999d,simple,movie,True,10,7,1,8,5,0,0,0,which,1,0
ad86db5f-5046-4904-8551-54a535a1999d,simple,movie,True,10,8,1,8,1,1,0,0,which,1,1
ad86db5f-5046-4904-8551-54a535a1999d,simple,movie,True,10,9,1,8,2,0,0,0,which,1,1
ad86db5f-5046-4904-8551-54a535a1999d,simple,movie,True,10,10,1,8,3,0,1,0,which,1,1
187352f8-025f-4725-b2a5-29cfd3a6ae64,simple,music,True,7,1,5,6,1,0,0,0,other,0,0
187352f8-025f-4725-b2a5-29cfd3a6ae64,simple,music,True,7,2,5,6,2,0,0,0,other,0,0
187352f8-025f-4725-b2a5-29cfd3a6ae64,simple,music,True,7,3,5,6,1,1,0,0,other,0,0
187352f8-025f-4725-b2a5-29cfd3a6ae64,simple,music,True,7,4,5,6,2,0,0,0,other,0,0
187352f8-025f-4725-b2a5-29cfd3a6ae64,simple,music,True,7,5,5,6,3,0,0,0,other,1,0
187352f8-025f-4725-b2a5-29cfd3a6ae64,simple,music,True,7,6,5,6,1,1,1,0,other,1,1
187352f8-025f-4725-b2a5-29cfd3a6ae64,simple,music,True,7,7,5,6,2,0,1,1,other,1,1
87d3ea05-cee5-4c21-b4f5-dccf11eccd09,simple,finance,True,14,1,12,14,1,0,0,0,what,0,0
87d3ea05-cee5-4c21-b4f5-dccf11eccd09,simple,finance,True,14,2,12,14,1,1,0,0,what,0,0
87d3ea05-cee5-4c21-b4f5-dccf11eccd09,simple,finance,True,14,3,12,14,2,0,0,0,what,0,0
87d3ea05-cee5-4c21-b4f5-dccf11eccd09,simple,finance,True,14,4,12,14,3,0,0,0,what,0,0
87d3ea05-cee5-4c21-b4f5-dccf11eccd09,simple,finance,True,14,5,12,14,1,1,0,0,what,0,0
87d3ea05-cee5-4c21-b4f5-dccf11eccd09,simple,finance,True,14,6,12,14,1,1,0,0,what,0,0
87d3ea05-cee5-4c21-b4f5-dccf11eccd09,simple,finance,True,14,7,12,14,1,1,0,0,what,0,0
87d3ea05-cee5-4c21-b4f5-dccf11eccd09,simple,finance,True,14,8,12,14,2,0,0,0,what,0,0
87d3ea05-cee5-4c21-b4f5-dccf11eccd09,simple,finance,True,14,9,12,14,1,1,0,0,what,0,0
87d3ea05-cee5-4c21-b4f5-dccf11eccd09,simple,finance,True,14,10,12,14,2,0,0,0,what,0,0
87d3ea05-cee5-4c21-b4f5-dccf11eccd09,simple,finance,True,14,11,12,14,3,0,1,0,what,0,0
87d3ea05-cee5-4c21-b4f5-dccf11eccd09,simple,finance,True,14,12,12,14,4,0,1,1,what,1,0
87d3ea05-cee5-4c21-b4f5-dccf11eccd09,simple,finance,True,14,13,12,14,5,0,1,2,what,1,0
87d3ea05-cee5-4c21-b4f5-dccf11eccd09,simple,finance,True,14,14,12,14,1,1,1,3,what,1,1
3f88e6c6-1a81-400b-808a-52244080c0af,simple,movie,True,15,1,3,10,1,0,0,0,which,0,0
3f88e6c6-1a81-400b-808a-52244080c0af,simple,movie,True,15,2,3,10,1,1,0,0,which,0,0
3f88e6c6-1a81-400b-808a-52244080c0af,simple,movie,True,15,3,3,10,2,0,0,0,which,1,0
3f88e6c6-1a81-400b-808a-52244080c0af,simple,movie,True,15,4,3,10,3,0,0,0,which,1,0
3f88e6c6-1a81-400b-808a-52244080c0af,simple,movie,True,15,5,3,10,4,0,0,0,which,1,0
3f88e6c6-1a81-400b-808a-52244080c0af,simple,movie,True,15,6,3,10,5,0,0,0,which,1,0
3f88e6c6-1a81-400b-808a-52244080c0af,simple,movie,True,15,7,3,10,1,1,0,0,which,1,0
3f88e6c6-1a81-400b-808a-52244080c0af,simple,movie,True,15,8,3,10,1,1,0,0,which,1,0
3f88e6c6-1a81-400b-808a-52244080c0af,simple,movie,True,15,9,3,10,2,0,0,0,which,1,0
3f88e6c6-1a81-400b-808a-52244080c0af,simple,movie,True,15,10,3,10,1,1,0,0,which,1,1
3f88e6c6-1a81-400b-808a-52244080c0af,simple,movie,True,15,11,3,10,2,0,0,0,which,1,1
3f88e6c6-1a81-400b-808a-52244080c0af,simple,movie,True,15,12,3,10,3,0,0,0,which,1,1
3f88e6c6-1a81-400b-808a-52244080c0af,simple,movie,True,15,13,3,10,4,0,0,0,which,1,1
3f88e6c6-1a81-400b-808a-52244080c0af,simple,movie,True,15,14,3,10,5,0,0,0,which,1,1
3f88e6c6-1a81-400b-808a-52244080c0af,simple,movie,True,15,15,3,10,6,0,1,0,which,1,1
c5d026bf-9d8d-403b-b37c-987575f191c0,comparison,music,True,12,1,2,9,1,0,0,0,which,0,0
c5d026bf-9d8d-403b-b37c-987575f191c0,comparison,music,True,12,2,2,9,2,0,0,0,which,1,0
c5d026bf-9d8d-403b-b37c-987575f191c0,comparison,music,True,12,3,2,9,1,1,0,0,which,1,0
c5d026bf-9d8d-403b-b37c-987575f191c0,comparison,music,True,12,4,2,9,2,0,0,0,which,1,0
c5d026bf-9d8d-403b-b37c-987575f191c0,comparison,music,True,12,5,2,9,3,0,0,0,which,1,0
c5d026bf-9d8d-403b-b37c-987575f191c0,comparison,music,True,12,6,2,9,4,0,0,0,which,1,0
c5d026bf-9d8d-403b-b37c-987575f191c0,comparison,music,True,12,7,2,9,5,0,0,0,which,1,0
c5d026bf-9d8d-403b-b37c-987575f191c0,comparison,music,True,12,8,2,9,1,1,0,0,which,1,0
c5d026bf-9d8d-403b-b37c-987575f191c0,comparison,music,True,12,9,2,9,1,1,0,0,which,1,1
c5d026bf-9d8d-403b-b37c-987575f191c0,comparison,music,True,12,10,2,9,2,0,0,0,which,1,1
c5d026bf-9d8d-403b-b37c-987575f191c0,comparison,music,True,12,11,2,9,3,0,0,0,which,1,1
c5d026bf-9d8d-403b-b37c-987575f191c0,comparison,music,True,12,12,2,9,4,0,0,0,which,1,1
994eda93-4586-4e9c-9617-97b2739fdec1,simple_w_condition,open,True,10,1,6,7,1,0,0,0,other,0,0
994eda93-4586-4e9c-9617-97b2739fdec1,simple_w_condition,open,True,10,2,6,7,2,0,0,0,other,0,0
994eda93-4586-4e9c-9617-97b2739fdec1,simple_w_condition,open,True,10,3,6,7,3,0,0,0,other,0,0
994eda93-4586-4e9c-9617-97b2739fdec1,simple_w_condition,open,True,10,4,6,7,1,1,0,0,other,0,0
994eda93-4586-4e9c-9617-97b2739fdec1,simple_w_condition,open,True,10,5,6,7,2,0,0,0,other,0,0
994eda93-4586-4e9c-9617-97b2739fdec1,simple_w_condition,open,True,10,6,6,7,3,0,0,0,other,1,0
994eda93-4586-4e9c-9617-97b2739fdec1,simple_w_condition,open,True,10,7,6,7,1,1,0,0,other,1,1
994eda93-4586-4e9c-9617-97b2739fdec1,simple_w_condition,open,True,10,8,6,7,2,0,0,0,other,1,1
994eda93-4586-4e9c-9617-97b2739fdec1,simple_w_condition,open,True,10,9,6,7,3,0,0,0,other,1,1
994eda93-4586-4e9c-9617-97b2739fdec1,simple_w_condition,open,True,10,10,6,7,4,0,1,0,other,1,1
42274c34-9048-4e53-8b94-2c467bc5a0ed,simple,movie,True,17,1,6,15,1,0,0,0,which,0,0
42274c34-9048-4e53-8b94-2c467bc5a0ed,simple,movie,True,17,2,6,15,1,1,0,0,which,0,0
42274c34-9048-4e53-8b94-2c467bc5a0ed,simple,movie,True,17,3,6,15,1,1,0,0,which,0,0
42274c34-9048-4e53-8b94-2c467bc5a0ed,simple,movie,True,17,4,6,15,2,0,0,0,which,0,0
42274c34-9048-4e53-8b94-2c467bc5a0ed,simple,movie,True,17,5,6,15,1,1,0,0,which,0,0
42274c34-9048-4e53-8b94-2c467bc5a0ed,simple,movie,True,17,6,6,15,2,0,0,0,which,1,0
42274c34-9048-4e53-8b94-2c467bc5a0ed,simple,movie,True,17,7,6,15,3,0,0,0,which,1,0
42274c34-9048-4e53-8b94-2c467bc5a0ed,simple,movie,True,17,8,6,15,4,0,0,0,which,1,0
42274c34-9048-4e53-8b94-2c467bc5a0ed,simple,movie,True,17,9,6,15,5,0,0,0,which,1,0
42274c34-9048-4e53-8b94-2c467bc5a0ed,simple,movie,True,17,10,6,15,6,0,0,0,which,1,0
42274c34-9048-4e53-8b94-2c467bc5a0ed,simple,movie,True,17,11,6,15,1,1,0,0,which,1,0
42274c34-9048-4e53-8b94-2c467bc5a0ed,simple,movie,True,17,12,6,15,2,0,0,0,which,1,0
42274c34-9048-4e53-8b94-2c467bc5a0ed,simple,movie,True,17,13,6,15,3,0,1,0,which,1,0
42274c34-9048-4e53-8b94-2c467bc5a0ed,simple,movie,True,17,14,6,15,1,1,1,1,which,1,0
42274c34-9048-4e53-8b94-2c467bc5a0ed,simple,movie,True,17,15,6,15,1,1,1,2,which,1,1
42274c34-9048-4e53-8b94-2c467bc5a0ed,simple,movie,True,17,16,6,15,2,0,1,3,which,1,1
42274c34-9048-4e53-8b94-2c467bc5a0ed,simple,movie,True,17,17,6,15,3,0,1,4,which,1,1
b6116610-58fc-4b8d-9c63-987c98d0e1c1,comparison,movie,True,13,1,10,13,1,0,0,0,which,0,0
b6116610-58fc-4b8d-9c63-987c98d0e1c1,comparison,movie,True,13,2,10,13,1,1,0,0,which,0,0
b6116610-58fc-4b8d-9c63-987c98d0e1c1,comparison,movie,True,13,3,10,13,1,1,0,0,which,0,0
b6116610-58fc-4b8d-9c63-987c98d0e1c1,comparison,movie,True,13,4,10,13,1,1,0,0,which,0,0
b6116610-58fc-4b8d-9c63-987c98d0e1c1,comparison,movie,True,13,5,10,13,2,0,0,0,which,0,0
b6116610-58fc-4b8d-9c63-987c98d0e1c1,comparison,movie,True,13,6,10,13,3,0,0,0,which,0,0
b6116610-58fc-4b8d-9c63-987c98d0e1c1,comparison,movie,True,13,7,10,13,4,0,0,0,which,0,0
b6116610-58fc-4b8d-9c63-987c98d0e1c1,comparison,movie,True,13,8,10,13,5,0,0,0,which,0,0
b6116610-58fc-4b8d-9c63-987c98d0e1c1,comparison,movie,True,13,9,10,13,6,0,0,0,which,0,0
b6116610-58fc-4b8d-9c63-987c98d0e1c1,comparison,movie,True,13,10,10,13,7,0,1,0,which,1,0
b6116610-58fc-4b8d-9c63-987c98d0e1c1,comparison,movie,True,13,11,10,13,8,0,1,1,which,1,0
b6116610-58fc-4b8d-9c63-987c98d0e1c1,comparison,movie,True,13,12,10,13,9,0,1,2,which,1,0
b6116610-58fc-4b8d-9c63-987c98d0e1c1,comparison,movie,True,13,13,10,13,1,1,1,3,which,1,1
4dfbf0d9-1575-4d8a-b28c-9ef3ea6622cc,aggregation,open,True,6,1,2,2,1,0,0,0,how,0,0
4dfbf0d9-1575-4d8a-b28c-9ef3ea6622cc,aggregation,open,True,6,2,2,2,1,1,0,0,how,1,1
4dfbf0d9-1575-4d8a-b28c-9ef3ea6622cc,aggregation,open,True,6,3,2,2,2,0,0,0,how,1,1
4dfbf0d9-1575-4d8a-b28c-9ef3ea6622cc,aggregation,open,True,6,4,2,2,3,0,1,0,how,1,1
4dfbf0d9-1575-4d8a-b28c-9ef3ea6622cc,aggregation,open,True,6,5,2,2,4,0,1,1,how,1,1
4dfbf0d9-1575-4d8a-b28c-9ef3ea6622cc,aggregation,open,True,6,6,2,2,5,0,1,2,how,1,1
a0681934-1a69-4493-93ae-e746fc682426,comparison,movie,True,9,1,7,8,1,0,0,0,who,0,0
a0681934-1a69-4493-93ae-e746fc682426,comparison,movie,True,9,2,7,8,1,1,0,0,who,0,0
a0681934-1a69-4493-93ae-e746fc682426,comparison,movie,True,9,3,7,8,2,0,0,0,who,0,0
a0681934-1a69-4493-93ae-e746fc682426,comparison,movie,True,9,4,7,8,3,0,0,0,who,0,0
a0681934-1a69-4493-93ae-e746fc682426,comparison,movie,True,9,5,7,8,4,0,0,0,who,0,0
a0681934-1a69-4493-93ae-e746fc682426,comparison,movie,True,9,6,7,8,5,0,1,0,who,0,0
a0681934-1a69-4493-93ae-e746fc682426,comparison,movie,True,9,7,7,8,6,0,1,1,who,1,0
a0681934-1a69-4493-93ae-e746fc682426,comparison,movie,True,9,8,7,8,1,1,1,2,who,1,1
a0681934-1a69-4493-93ae-e746fc682426,comparison,movie,True,9,9,7,8,2,0,1,3,who,1,1
135d26da-3a52-4207-ad86-8d270b510d5f,multi-hop,sports,True,8,1,6,8,1,0,0,0,what,0,0
135d26da-3a52-4207-ad86-8d270b510d5f,multi-hop,sports,True,8,2,6,8,2,0,0,0,what,0,0
135d26da-3a52-4207-ad86-8d270b510d5f,multi-hop,sports,True,8,3,6,8,3,0,0,0,what,0,0
135d26da-3a52-4207-ad86-8d270b510d5f,multi-hop,sports,True,8,4,6,8,1,1,1,0,what,0,0
135d26da-3a52-4207-ad86-8d270b510d5f,multi-hop,sports,True,8,5,6,8,1,1,1,1,what,0,0
135d26da-3a52-4207-ad86-8d270b510d5f,multi-hop,sports,True,8,6,6,8,1,1,1,2,what,1,0
135d26da-3a52-4207-ad86-8d270b510d5f,multi-hop,sports,True,8,7,6,8,2,0,1,3,what,1,0
135d26da-3a52-4207-ad86-8d270b510d5f,multi-hop,sports,True,8,8,6,8,1,1,1,4,what,1,1
1daa2d9e-567e-4fdd-84c0-7fbacde07a1a,simple,movie,True,18,1,9,9,1,0,0,0,who,0,0
1daa2d9e-567e-4fdd-84c0-7fbacde07a1a,simple,movie,True,18,2,9,9,2,0,0,0,who,0,0
1daa2d9e-567e-4fdd-84c0-7fbacde07a1a,simple,movie,True,18,3,9,9,3,0,0,0,who,0,0
1daa2d9e-567e-4fdd-84c0-7fbacde07a1a,simple,movie,True,18,4,9,9,4,0,0,0,who,0,0
1daa2d9e-567e-4fdd-84c0-7fbacde07a1a,simple,movie,True,18,5,9,9,5,0,0,0,who,0,0
1daa2d9e-567e-4fdd-84c0-7fbacde07a1a,simple,movie,True,18,6,9,9,6,0,0,0,who,0,0
1daa2d9e-567e-4fdd-84c0-7fbacde07a1a,simple,movie,True,18,7,9,9,1,1,0,0,who,0,0
1daa2d9e-567e-4fdd-84c0-7fbacde07a1a,simple,movie,True,18,8,9,9,2,0,1,0,who,0,0
1daa2d9e-567e-4fdd-84c0-7fbacde07a1a,simple,movie,True,18,9,9,9,1,1,1,1,who,1,1
1daa2d9e-567e-4fdd-84c0-7fbacde07a1a,simple,movie,True,18,10,9,9,2,0,1,2,who,1,1
1daa2d9e-567e-4fdd-84c0-7fbacde07a1a,simple,movie,True,18,11,9,9,3,0,1,3,who,1,1
1daa2d9e-567e-4fdd-84c0-7fbacde07a1a,simple,movie,True,18,12,9,9,4,0,1,4,who,1,1
1daa2d9e-567e-4fdd-84c0-7fbacde07a1a,simple,movie,True,18,13,9,9,5,0,1,5,who,1,1
1daa2d9e-567e-4fdd-84c0-7fbacde07a1a,simple,movie,True,18,14,9,9,6,0,1,6,who,1,1
1daa2d9e-567e-4fdd-84c0-7fbacde07a1a,simple,movie,True,18,15,9,9,7,0,1,7,who,1,1
1daa2d9e-567e-4fdd-84c0-7fbacde07a1a,simple,movie,True,18,16,9,9,8,0,1,8,who,1,1
1daa2d9e-567e-4fdd-84c0-7fbacde07a1a,simple,movie,True,18,17,9,9,9,0,1,9,who,1,1
1daa2d9e-567e-4fdd-84c0-7fbacde07a1a,simple,movie,True,18,18,9,9,10,0,1,10,who,1,1
76129ef6-369c-481e-ac73-f37d6848fda8,simple,finance,True,14,1,1,1,1,0,0,0,what,1,1
76129ef6-369c-481e-ac73-f37d6848fda8,simple,finance,True,14,2,1,1,2,0,0,0,what,1,1
76129ef6-369c-481e-ac73-f37d6848fda8,simple,finance,True,14,3,1,1,3,0,0,0,what,1,1
76129ef6-369c-481e-ac73-f37d6848fda8,simple,finance,True,14,4,1,1,4,0,0,0,what,1,1
76129ef6-369c-481e-ac73-f37d6848fda8,simple,finance,True,14,5,1,1,5,0,0,0,what,1,1
76129ef6-369c-481e-ac73-f37d6848fda8,simple,finance,True,14,6,1,1,6,0,0,0,what,1,1
76129ef6-369c-481e-ac73-f37d6848fda8,simple,finance,True,14,7,1,1,7,0,0,0,what,1,1
76129ef6-369c-481e-ac73-f37d6848fda8,simple,finance,True,14,8,1,1,8,0,0,0,what,1,1
76129ef6-369c-481e-ac73-f37d6848fda8,simple,finance,True,14,9,1,1,9,0,0,0,what,1,1
76129ef6-369c-481e-ac73-f37d6848fda8,simple,finance,True,14,10,1,1,10,0,0,0,what,1,1
76129ef6-369c-481e-ac73-f37d6848fda8,simple,finance,True,14,11,1,1,11,0,1,0,what,1,1
76129ef6-369c-481e-ac73-f37d6848fda8,simple,finance,True,14,12,1,1,12,0,1,1,what,1,1
76129ef6-369c-481e-ac73-f37d6848fda8,simple,finance,True,14,13,1,1,13,0,1,2,what,1,1
76129ef6-369c-481e-ac73-f37d6848fda8,simple,finance,True,14,14,1,1,14,0,1,3,what,1,1
f8fc2c1a-4bcb-48be-857c-1b0dcf07034e,simple,movie,True,13,1,5,11,1,0,0,0,what,0,0
f8fc2c1a-4bcb-48be-857c-1b0dcf07034e,simple,movie,True,13,2,5,11,2,0,0,0,what,0,0
f8fc2c1a-4bcb-48be-857c-1b0dcf07034e,simple,movie,True,13,3,5,11,3,0,0,0,what,0,0
f8fc2c1a-4bcb-48be-857c-1b0dcf07034e,simple,movie,True,13,4,5,11,1,1,0,0,what,0,0
f8fc2c1a-4bcb-48be-857c-1b0dcf07034e,simple,movie,True,13,5,5,11,1,1,0,0,what,1,0
f8fc2c1a-4bcb-48be-857c-1b0dcf07034e,simple,movie,True,13,6,5,11,1,1,0,0,what,1,0
f8fc2c1a-4bcb-48be-857c-1b0dcf07034e,simple,movie,True,13,7,5,11,2,0,0,0,what,1,0
f8fc2c1a-4bcb-48be-857c-1b0dcf07034e,simple,movie,True,13,8,5,11,3,0,0,0,what,1,0
f8fc2c1a-4bcb-48be-857c-1b0dcf07034e,simple,movie,True,13,9,5,11,1,1,0,0,what,1,0
f8fc2c1a-4bcb-48be-857c-1b0dcf07034e,simple,movie,True,13,10,5,11,1,1,0,0,what,1,0
f8fc2c1a-4bcb-48be-857c-1b0dcf07034e,simple,movie,True,13,11,5,11,1,1,0,0,what,1,1
f8fc2c1a-4bcb-48be-857c-1b0dcf07034e,simple,movie,True,13,12,5,11,2,0,0,0,what,1,1
f8fc2c1a-4bcb-48be-857c-1b0dcf07034e,simple,movie,True,13,13,5,11,3,0,0,0,what,1,1
ecc1e84c-b979-4479-8275-eaa62020643f,false_premise,sports,True,10,1,3,4,1,0,0,0,how,0,0
ecc1e84c-b979-4479-8275-eaa62020643f,false_premise,sports,True,10,2,3,4,1,1,0,0,how,0,0
ecc1e84c-b979-4479-8275-eaa62020643f,false_premise,sports,True,10,3,3,4,1,1,0,0,how,1,0
ecc1e84c-b979-4479-8275-eaa62020643f,false_premise,sports,True,10,4,3,4,1,1,0,0,how,1,1
ecc1e84c-b979-4479-8275-eaa62020643f,false_premise,sports,True,10,5,3,4,2,0,0,0,how,1,1
ecc1e84c-b979-4479-8275-eaa62020643f,false_premise,sports,True,10,6,3,4,3,0,0,0,how,1,1
ecc1e84c-b979-4479-8275-eaa62020643f,false_premise,sports,True,10,7,3,4,4,0,0,0,how,1,1
ecc1e84c-b979-4479-8275-eaa62020643f,false_premise,sports,True,10,8,3,4,5,0,0,0,how,1,1
ecc1e84c-b979-4479-8275-eaa62020643f,false_premise,sports,True,10,9,3,4,6,0,0,0,how,1,1
ecc1e84c-b979-4479-8275-eaa62020643f,false_premise,sports,True,10,10,3,4,7,0,0,0,how,1,1
32cef64b-3c85-4763-8c3c-f0ba7de97b06,multi-hop,finance,True,17,1,14,2,1,0,0,0,what,0,0
32cef64b-3c85-4763-8c3c-f0ba7de97b06,multi-hop,finance,True,17,2,14,2,1,1,0,0,what,0,1
32cef64b-3c85-4763-8c3c-f0ba7de97b06,multi-hop,finance,True,17,3,14,2,2,0,0,0,what,0,1
32cef64b-3c85-4763-8c3c-f0ba7de97b06,multi-hop,finance,True,17,4,14,2,3,0,0,0,what,0,1
32cef64b-3c85-4763-8c3c-f0ba7de97b06,multi-hop,finance,True,17,5,14,2,4,0,0,0,what,0,1
32cef64b-3c85-4763-8c3c-f0ba7de97b06,multi-hop,finance,True,17,6,14,2,5,0,0,0,what,0,1
32cef64b-3c85-4763-8c3c-f0ba7de97b06,multi-hop,finance,True,17,7,14,2,6,0,0,0,what,0,1
32cef64b-3c85-4763-8c3c-f0ba7de97b06,multi-hop,finance,True,17,8,14,2,7,0,1,0,what,0,1
32cef64b-3c85-4763-8c3c-f0ba7de97b06,multi-hop,finance,True,17,9,14,2,8,0,1,1,what,0,1
32cef64b-3c85-4763-8c3c-f0ba7de97b06,multi-hop,finance,True,17,10,14,2,9,0,1,2,what,0,1
32cef64b-3c85-4763-8c3c-f0ba7de97b06,multi-hop,finance,True,17,11,14,2,10,0,1,3,what,0,1
32cef64b-3c85-4763-8c3c-f0ba7de97b06,multi-hop,finance,True,17,12,14,2,11,0,1,4,what,0,1
32cef64b-3c85-4763-8c3c-f0ba7de97b06,multi-hop,finance,True,17,13,14,2,12,0,1,5,what,0,1
32cef64b-3c85-4763-8c3c-f0ba7de97b06,multi-hop,finance,True,17,14,14,2,13,0,1,6,what,1,1
32cef64b-3c85-4763-8c3c-f0ba7de97b06,multi-hop,finance,True,17,15,14,2,14,0,1,7,what,1,1
32cef64b-3c85-4763-8c3c-f0ba7de97b06,multi-hop,finance,True,17,16,14,2,15,0,1,8,what,1,1
32cef64b-3c85-4763-8c3c-f0ba7de97b06,multi-hop,finance,True,17,17,14,2,16,0,1,9,what,1,1
8bcc3ea5-392a-4acf-bec5-31fd61ad9244,simple,movie,True,11,1,4,4,1,0,0,0,what,0,0
8bcc3ea5-392a-4acf-bec5-31fd61ad9244,simple,movie,True,11,2,4,4,1,1,0,0,what,0,0
8bcc3ea5-392a-4acf-bec5-31fd61ad9244,simple,movie,True,11,3,4,4,2,0,0,0,what,0,0
8bcc3ea5-392a-4acf-bec5-31fd61ad9244,simple,movie,True,11,4,4,4,1,1,0,0,what,1,1
8bcc3ea5-392a-4acf-bec5-31fd61ad9244,simple,movie,True,11,5,4,4,2,0,0,0,what,1,1
8bcc3ea5-392a-4acf-bec5-31fd61ad9244,simple,movie,True,11,6,4,4,3,0,0,0,what,1,1
8bcc3ea5-392a-4acf-bec5-31fd61ad9244,simple,movie,True,11,7,4,4,4,0,1,0,what,1,1
8bcc3ea5-392a-4acf-bec5-31fd61ad9244,simple,movie,True,11,8,4,4,5,0,1,1,what,1,1
8bcc3ea5-392a-4acf-bec5-31fd61ad9244,simple,movie,True,11,9,4,4,6,0,1,2,what,1,1
8bcc3ea5-392a-4acf-bec5-31fd61ad9244,simple,movie,True,11,10,4,4,7,0,1,3,what,1,1
8bcc3ea5-392a-4acf-bec5-31fd61ad9244,simple,movie,True,11,11,4,4,8,0,1,4,what,1,1
b859cdb1-f780-455f-a067-647570cebdd6,set,open,True,6,1,2,3,1,0,0,0,who,0,0
b859cdb1-f780-455f-a067-647570cebdd6,set,open,True,6,2,2,3,1,1,0,0,who,1,0
b859cdb1-f780-455f-a067-647570cebdd6,set,open,True,6,3,2,3,1,1,0,0,who,1,1
b859cdb1-f780-455f-a067-647570cebdd6,set,open,True,6,4,2,3,2,0,0,0,who,1,1
b859cdb1-f780-455f-a067-647570cebdd6,set,open,True,6,5,2,3,3,0,0,0,who,1,1
b859cdb1-f780-455f-a067-647570cebdd6,set,open,True,6,6,2,3,4,0,0,0,who,1,1
f9cf9684-9795-42b9-9ecc-fdee398e9f00,simple_w_condition,sports,True,10,1,1,7,1,0,0,0,what,1,0
f9cf9684-9795-42b9-9ecc-fdee398e9f00,simple_w_condition,sports,True,10,2,1,7,2,0,0,0,what,1,0
f9cf9684-9795-42b9-9ecc-fdee398e9f00,simple_w_condition,sports,True,10,3,1,7,1,1,0,0,what,1,0
f9cf9684-9795-42b9-9ecc-fdee398e9f00,simple_w_condition,sports,True,10,4,1,7,2,0,0,0,what,1,0
f9cf9684-9795-42b9-9ecc-fdee398e9f00,simple_w_condition,sports,True,10,5,1,7,1,1,0,0,what,1,0
f9cf9684-9795-42b9-9ecc-fdee398e9f00,simple_w_condition,sports,True,10,6,1,7,1,1,0,0,what,1,0
f9cf9684-9795-42b9-9ecc-fdee398e9f00,simple_w_condition,sports,True,10,7,1,7,1,1,0,0,what,1,1
f9cf9684-9795-42b9-9ecc-fdee398e9f00,simple_w_condition,sports,True,10,8,1,7,2,0,0,0,what,1,1
f9cf9684-9795-42b9-9ecc-fdee398e9f00,simple_w_condition,sports,True,10,9,1,7,3,0,0,0,what,1,1
f9cf9684-9795-42b9-9ecc-fdee398e9f00,simple_w_condition,sports,True,10,10,1,7,4,0,1,0,what,1,1
95480dd7-4d42-4af2-a5e5-e7ffcbb3dda6,simple,finance,True,17,1,10,5,1,0,0,0,other,0,0
95480dd7-4d42-4af2-a5e5-e7ffcbb3dda6,simple,finance,True,17,2,10,5,2,0,0,0,other,0,0
95480dd7-4d42-4af2-a5e5-e7ffcbb3dda6,simple,finance,True,17,3,10,5,3,0,0,0,other,0,0
95480dd7-4d42-4af2-a5e5-e7ffcbb3dda6,simple,finance,True,17,4,10,5,4,0,0,0,other,0,0
95480dd7-4d42-4af2-a5e5-e7ffcbb3dda6,simple,finance,True,17,5,10,5,1,1,0,0,other,0,1
95480dd7-4d42-4af2-a5e5-e7ffcbb3dda6,simple,finance,True,17,6,10,5,2,0,0,0,other,0,1
95480dd7-4d42-4af2-a5e5-e7ffcbb3dda6,simple,finance,True,17,7,10,5,3,0,0,0,other,0,1
95480dd7-4d42-4af2-a5e5-e7ffcbb3dda6,simple,finance,True,17,8,10,5,4,0,0,0,other,0,1
95480dd7-4d42-4af2-a5e5-e7ffcbb3dda6,simple,finance,True,17,9,10,5,5,0,0,0,other,0,1
95480dd7-4d42-4af2-a5e5-e7ffcbb3dda6,simple,finance,True,17,10,10,5,6,0,0,0,other,1,1
95480dd7-4d42-4af2-a5e5-e7ffcbb3dda6,simple,finance,True,17,11,10,5,7,0,0,0,other,1,1
95480dd7-4d42-4af2-a5e5-e7ffcbb3dda6,simple,finance,True,17,12,10,5,8,0,0,0,other,1,1
95480dd7-4d42-4af2-a5e5-e7ffcbb3dda6,simple,finance,True,17,13,10,5,9,0,0,0,other,1,1
95480dd7-4d42-4af2-a5e5-e7ffcbb3dda6,simple,finance,True,17,14,10,5,10,0,0,0,other,1,1
95480dd7-4d42-4af2-a5e5-e7ffcbb3dda6,simple,finance,True,17,15,10,5,11,0,0,0,other,1,1
95480dd7-4d42-4af2-a5e5-e7ffcbb3dda6,simple,finance,True,17,16,10,5,12,0,0,0,other,1,1
95480dd7-4d42-4af2-a5e5-e7ffcbb3dda6,simple,finance,True,17,17,10,5,13,0,1,0,other,1,1
40afb900-fd3d-4f12-839f-bbede5ba9aba,aggregation,open,True,7,1,3,7,1,0,0,0,how,0,0
40afb900-fd3d-4f12-839f-bbede5ba9aba,aggregation,open,True,7,2,3,7,1,1,0,0,how,0,0
40afb900-fd3d-4f12-839f-bbede5ba9aba,aggregation,open,True,7,3,3,7,2,0,0,0,how,1,0
40afb900-fd3d-4f12-839f-bbede5ba9aba,aggregation,open,True,7,4,3,7,3,0,0,0,how,1,0
40afb900-fd3d-4f12-839f-bbede5ba9aba,aggregation,open,True,7,5,3,7,4,0,1,0,how,1,0
40afb900-fd3d-4f12-839f-bbede5ba9aba,aggregation,open,True,7,6,3,7,5,0,1,1,how,1,0
40afb900-fd3d-4f12-839f-bbede5ba9aba,aggregation,open,True,7,7,3,7,1,1,1,2,how,1,1
d9c383ad-edbc-4b17-9688-197f78aaea99,simple,open,True,10,1,2,2,1,0,0,0,how,0,0
d9c383ad-edbc-4b17-9688-197f78aaea99,simple,open,True,10,2,2,2,1,1,0,0,how,1,1
d9c383ad-edbc-4b17-9688-197f78aaea99,simple,open,True,10,3,2,2,2,0,0,0,how,1,1
d9c383ad-edbc-4b17-9688-197f78aaea99,simple,open,True,10,4,2,2,3,0,0,0,how,1,1
d9c383ad-edbc-4b17-9688-197f78aaea99,simple,open,True,10,5,2,2,4,0,0,0,how,1,1
d9c383ad-edbc-4b17-9688-197f78aaea99,simple,open,True,10,6,2,2,5,0,0,0,how,1,1
d9c383ad-edbc-4b17-9688-197f78aaea99,simple,open,True,10,7,2,2,6,0,1,0,how,1,1
d9c383ad-edbc-4b17-9688-197f78aaea99,simple,open,True,10,8,2,2,7,0,1,1,how,1,1
d9c383ad-edbc-4b17-9688-197f78aaea99,simple,open,True,10,9,2,2,8,0,1,2,how,1,1
d9c383ad-edbc-4b17-9688-197f78aaea99,simple,open,True,10,10,2,2,9,0,1,3,how,1,1
bc1da7f4-87e3-4f8d-9cf0-f48345f2aa8d,multi-hop,music,True,22,1,1,21,1,0,0,0,other,1,0
bc1da7f4-87e3-4f8d-9cf0-f48345f2aa8d,multi-hop,music,True,22,2,1,21,2,0,0,0,other,1,0
bc1da7f4-87e3-4f8d-9cf0-f48345f2aa8d,multi-hop,music,True,22,3,1,21,3,0,0,0,other,1,0
bc1da7f4-87e3-4f8d-9cf0-f48345f2aa8d,multi-hop,music,True,22,4,1,21,4,0,0,0,other,1,0
bc1da7f4-87e3-4f8d-9cf0-f48345f2aa8d,multi-hop,music,True,22,5,1,21,5,0,0,0,other,1,0
bc1da7f4-87e3-4f8d-9cf0-f48345f2aa8d,multi-hop,music,True,22,6,1,21,6,0,0,0,other,1,0
bc1da7f4-87e3-4f8d-9cf0-f48345f2aa8d,multi-hop,music,True,22,7,1,21,1,1,0,0,other,1,0
bc1da7f4-87e3-4f8d-9cf0-f48345f2aa8d,multi-hop,music,True,22,8,1,21,2,0,0,0,other,1,0
bc1da7f4-87e3-4f8d-9cf0-f48345f2aa8d,multi-hop,music,True,22,9,1,21,3,0,0,0,other,1,0
bc1da7f4-87e3-4f8d-9cf0-f48345f2aa8d,multi-hop,music,True,22,10,1,21,1,1,0,0,other,1,0
bc1da7f4-87e3-4f8d-9cf0-f48345f2aa8d,multi-hop,music,True,22,11,1,21,2,0,0,0,other,1,0
bc1da7f4-87e3-4f8d-9cf0-f48345f2aa8d,multi-hop,music,True,22,12,1,21,3,0,0,0,other,1,0
bc1da7f4-87e3-4f8d-9cf0-f48345f2aa8d,multi-hop,music,True,22,13,1,21,4,0,0,0,other,1,0
bc1da7f4-87e3-4f8d-9cf0-f48345f2aa8d,multi-hop,music,True,22,14,1,21,5,0,0,0,other,1,0
bc1da7f4-87e3-4f8d-9cf0-f48345f2aa8d,multi-hop,music,True,22,15,1,21,1,1,0,0,other,1,0
bc1da7f4-87e3-4f8d-9cf0-f48345f2aa8d,multi-hop,music,True,22,16,1,21,2,0,0,0,other,1,0
bc1da7f4-87e3-4f8d-9cf0-f48345f2aa8d,multi-hop,music,True,22,17,1,21,3,0,1,0,other,1,0
bc1da7f4-87e3-4f8d-9cf0-f48345f2aa8d,multi-hop,music,True,22,18,1,21,4,0,1,1,other,1,0
bc1da7f4-87e3-4f8d-9cf0-f48345f2aa8d,multi-hop,music,True,22,19,1,21,5,0,1,2,other,1,0
bc1da7f4-87e3-4f8d-9cf0-f48345f2aa8d,multi-hop,music,True,22,20,1,21,6,0,1,3,other,1,0
bc1da7f4-87e3-4f8d-9cf0-f48345f2aa8d,multi-hop,music,True,22,21,1,21,1,1,1,4,other,1,1
bc1da7f4-87e3-4f8d-9cf0-f48345f2aa8d,multi-hop,music,True,22,22,1,21,2,0,1,5,other,1,1
a33180cd-1301-4ae5-b3c6-9ed916a53ebf,simple_w_condition,open,True,13,1,7,10,1,0,0,0,how,0,0
a33180cd-1301-4ae5-b3c6-9ed916a53ebf,simple_w_condition,open,True,13,2,7,10,2,0,0,0,how,0,0
a33180cd-1301-4ae5-b3c6-9ed916a53ebf,simple_w_condition,open,True,13,3,7,10,1,1,0,0,how,0,0
a33180cd-1301-4ae5-b3c6-9ed916a53ebf,simple_w_condition,open,True,13,4,7,10,2,0,0,0,how,0,0
a33180cd-1301-4ae5-b3c6-9ed916a53ebf,simple_w_condition,open,True,13,5,7,10,3,0,0,0,how,0,0
a33180cd-1301-4ae5-b3c6-9ed916a53ebf,simple_w_condition,open,True,13,6,7,10,4,0,0,0,how,0,0
a33180cd-1301-4ae5-b3c6-9ed916a53ebf,simple_w_condition,open,True,13,7,7,10,5,0,0,0,how,1,0
a33180cd-1301-4ae5-b3c6-9ed916a53ebf,simple_w_condition,open,True,13,8,7,10,6,0,0,0,how,1,0
a33180cd-1301-4ae5-b3c6-9ed916a53ebf,simple_w_condition,open,True,13,9,7,10,7,0,0,0,how,1,0
a33180cd-1301-4ae5-b3c6-9ed916a53ebf,simple_w_condition,open,True,13,10,7,10,1,1,0,0,how,1,1
a33180cd-1301-4ae5-b3c6-9ed916a53ebf,simple_w_condition,open,True,13,11,7,10,2,0,0,0,how,1,1
a33180cd-1301-4ae5-b3c6-9ed916a53ebf,simple_w_condition,open,True,13,12,7,10,3,0,0,0,how,1,1
a33180cd-1301-4ae5-b3c6-9ed916a53ebf,simple_w_condition,open,True,13,13,7,10,4,0,1,0,how,1,1
b854fb95-0b09-4d38-9b67-20ac7f09da52,simple,movie,True,13,1,8,12,1,0,0,0,what,0,0
b854fb95-0b09-4d38-9b67-20ac7f09da52,simple,movie,True,13,2,8,12,1,1,0,0,what,0,0
b854fb95-0b09-4d38-9b67-20ac7f09da52,simple,movie,True,13,3,8,12,2,0,0,0,what,0,0
b854fb95-0b09-4d38-9b67-20ac7f09da52,simple,movie,True,13,4,8,12,3,0,0,0,what,0,0
b854fb95-0b09-4d38-9b67-20ac7f09da52,simple,movie,True,13,5,8,12,4,0,0,0,what,0,0
b854fb95-0b09-4d38-9b67-20ac7f09da52,simple,movie,True,13,6,8,12,5,0,0,0,what,0,0
b854fb95-0b09-4d38-9b67-20ac7f09da52,simple,movie,True,13,7,8,12,1,1,0,0,what,0,0
b854fb95-0b09-4d38-9b67-20ac7f09da52,simple,movie,True,13,8,8,12,2,0,0,0,what,1,0
b854fb95-0b09-4d38-9b67-20ac7f09da52,simple,movie,True,13,9,8,12,3,0,0,0,what,1,0
b854fb95-0b09-4d38-9b67-20ac7f09da52,simple,movie,True,13,10,8,12,4,0,0,0,what,1,0
b854fb95-0b09-4d38-9b67-20ac7f09da52,simple,movie,True,13,11,8,12,5,0,0,0,what,1,0
b854fb95-0b09-4d38-9b67-20ac7f09da52,simple,movie,True,13,12,8,12,1,1,0,0,what,1,1
b854fb95-0b09-4d38-9b67-20ac7f09da52,simple,movie,True,13,13,8,12,2,0,0,0,what,1,1
e1a43b19-d26a-42e6-a6a1-628e86dfbc7e,comparison,finance,True,10,1,3,8,1,0,0,0,which,0,0
e1a43b19-d26a-42e6-a6a1-628e86dfbc7e,comparison,finance,True,10,2,3,8,2,0,0,0,which,0,0
e1a43b19-d26a-42e6-a6a1-628e86dfbc7e,comparison,finance,True,10,3,3,8,1,1,0,0,which,1,0
e1a43b19-d26a-42e6-a6a1-628e86dfbc7e,comparison,finance,True,10,4,3,8,2,0,0,0,which,1,0
e1a43b19-d26a-42e6-a6a1-628e86dfbc7e,comparison,finance,True,10,5,3,8,3,0,0,0,which,1,0
e1a43b19-d26a-42e6-a6a1-628e86dfbc7e,comparison,finance,True,10,6,3,8,1,1,0,0,which,1,0
e1a43b19-d26a-42e6-a6a1-628e86dfbc7e,comparison,finance,True,10,7,3,8,2,0,0,0,which,1,0
e1a43b19-d26a-42e6-a6a1-628e86dfbc7e,comparison,finance,True,10,8,3,8,1,1,0,0,which,1,1
e1a43b19-d26a-42e6-a6a1-628e86dfbc7e,comparison,finance,True,10,9,3,8,2,0,0,0,which,1,1
e1a43b19-d26a-42e6-a6a1-628e86dfbc7e,comparison,finance,True,10,10,3,8,3,0,0,0,which,1,1
7fc88919-eca5-4420-bac0-604858fb57b8,comparison,open,True,10,1,5,8,1,0,0,0,other,0,0
7fc88919-eca5-4420-bac0-604858fb57b8,comparison,open,True,10,2,5,8,2,0,0,0,other,0,0
7fc88919-eca5-4420-bac0-604858fb57b8,comparison,open,True,10,3,5,8,3,0,0,0,other,0,0
7fc88919-eca5-4420-bac0-604858fb57b8,comparison,open,True,10,4,5,8,4,0,0,0,other,0,0
7fc88919-eca5-4420-bac0-604858fb57b8,comparison,open,True,10,5,5,8,1,1,0,0,other,1,0
7fc88919-eca5-4420-bac0-604858fb57b8,comparison,open,True,10,6,5,8,2,0,0,0,other,1,0
7fc88919-eca5-4420-bac0-604858fb57b8,comparison,open,True,10,7,5,8,3,0,0,0,other,1,0
7fc88919-eca5-4420-bac0-604858fb57b8,comparison,open,True,10,8,5,8,1,1,0,0,other,1,1
7fc88919-eca5-4420-bac0-604858fb57b8,comparison,open,True,10,9,5,8,2,0,0,0,other,1,1
7fc88919-eca5-4420-bac0-604858fb57b8,comparison,open,True,10,10,5,8,3,0,0,0,other,1,1
6e0a95dc-17e2-4902-abe1-564df62c1f64,simple,finance,True,18,1,1,12,1,0,0,0,what,1,0
6e0a95dc-17e2-4902-abe1-564df62c1f64,simple,finance,True,18,2,1,12,1,1,0,0,what,1,0
6e0a95dc-17e2-4902-abe1-564df62c1f64,simple,finance,True,18,3,1,12,2,0,0,0,what,1,0
6e0a95dc-17e2-4902-abe1-564df62c1f64,simple,finance,True,18,4,1,12,1,1,0,0,what,1,0
6e0a95dc-17e2-4902-abe1-564df62c1f64,simple,finance,True,18,5,1,12,2,0,0,0,what,1,0
6e0a95dc-17e2-4902-abe1-564df62c1f64,simple,finance,True,18,6,1,12,3,0,0,0,what,1,0
6e0a95dc-17e2-4902-abe1-564df62c1f64,simple,finance,True,18,7,1,12,4,0,0,0,what,1,0
6e0a95dc-17e2-4902-abe1-564df62c1f64,simple,finance,True,18,8,1,12,5,0,0,0,what,1,0
6e0a95dc-17e2-4902-abe1-564df62c1f64,simple,finance,True,18,9,1,12,6,0,0,0,what,1,0
6e0a95dc-17e2-4902-abe1-564df62c1f64,simple,finance,True,18,10,1,12,7,0,0,0,what,1,0
6e0a95dc-17e2-4902-abe1-564df62c1f64,simple,finance,True,18,11,1,12,8,0,0,0,what,1,0
6e0a95dc-17e2-4902-abe1-564df62c1f64,simple,finance,True,18,12,1,12,1,1,0,0,what,1,1
6e0a95dc-17e2-4902-abe1-564df62c1f64,simple,finance,True,18,13,1,12,2,0,0,0,what,1,1
6e0a95dc-17e2-4902-abe1-564df62c1f64,simple,finance,True,18,14,1,12,3,0,0,0,what,1,1
6e0a95dc-17e2-4902-abe1-564df62c1f64,simple,finance,True,18,15,1,12,4,0,1,0,what,1,1
6e0a95dc-17e2-4902-abe1-564df62c1f64,simple,finance,True,18,16,1,12,5,0,1,1,what,1,1
6e0a95dc-17e2-4902-abe1-564df62c1f64,simple,finance,True,18,17,1,12,6,0,1,2,what,1,1
6e0a95dc-17e2-4902-abe1-564df62c1f64,simple,finance,True,18,18,1,12,7,0,1,3,what,1,1
5b95738a-82d6-48ee-93b2-053bce6badb1,simple,sports,True,8,1,8,7,1,0,0,0,how,0,0
5b95738a-82d6-48ee-93b2-053bce6badb1,simple,sports,True,8,2,8,7,2,0,0,0,how,0,0
5b95738a-82d6-48ee-93b2-053bce6badb1,simple,sports,True,8,3,8,7,1,1,0,0,how,0,0
5b95738a-82d6-48ee-93b2-053bce6badb1,simple,sports,True,8,4,8,7,1,1,0,0,how,0,0
5b95738a-82d6-48ee-93b2-053bce6badb1,simple,sports,True,8,5,8,7,2,0,0,0,how,0,0
5b95738a-82d6-48ee-93b2-053bce6badb1,simple,sports,True,8,6,8,7,3,0,0,0,how,0,0
5b95738a-82d6-48ee-93b2-053bce6badb1,simple,sports,True,8,7,8,7,1,1,0,0,how,0,1
5b95738a-82d6-48ee-93b2-053bce6badb1,simple,sports,True,8,8,8,7,2,0,0,0,how,1,1
a48f759d-12e5-41a2-b662-ac756f445fe8,aggregation,open,True,6,1,1,2,1,0,0,0,how,1,0
a48f759d-12e5-41a2-b662-ac756f445fe8,aggregation,open,True,6,2,1,2,1,1,0,0,how,1,1
a48f759d-12e5-41a2-b662-ac756f445fe8,aggregation,open,True,6,3,1,2,2,0,0,0,how,1,1
a48f759d-12e5-41a2-b662-ac756f445fe8,aggregation,open,True,6,4,1,2,3,0,0,0,how,1,1
a48f759d-12e5-41a2-b662-ac756f445fe8,aggregation,open,True,6,5,1,2,4,0,0,0,how,1,1
a48f759d-12e5-41a2-b662-ac756f445fe8,aggregation,open,True,6,6,1,2,5,0,0,0,how,1,1
b1032c9b-5d32-4c77-917b-e1b5f63cc8e2,simple,movie,True,18,1,10,15,1,0,0,0,other,0,0
b1032c9b-5d32-4c77-917b-e1b5f63cc8e2,simple,movie,True,18,2,10,15,1,1,0,0,other,0,0
b1032c9b-5d32-4c77-917b-e1b5f63cc8e2,simple,movie,True,18,3,10,15,1,1,0,0,other,0,0
b1032c9b-5d32-4c77-917b-e1b5f63cc8e2,simple,movie,True,18,4,10,15,2,0,0,0,other,0,0
b1032c9b-5d32-4c77-917b-e1b5f63cc8e2,simple,movie,True,18,5,10,15,3,0,0,0,other,0,0
b1032c9b-5d32-4c77-917b-e1b5f63cc8e2,simple,movie,True,18,6,10,15,4,0,0,0,other,0,0
b1032c9b-5d32-4c77-917b-e1b5f63cc8e2,simple,movie,True,18,7,10,15,1,1,0,0,other,0,0
b1032c9b-5d32-4c77-917b-e1b5f63cc8e2,simple,movie,True,18,8,10,15,1,1,0,0,other,0,0
b1032c9b-5d32-4c77-917b-e1b5f63cc8e2,simple,movie,True,18,9,10,15,2,0,0,0,other,0,0
b1032c9b-5d32-4c77-917b-e1b5f63cc8e2,simple,movie,True,18,10,10,15,3,0,0,0,other,1,0
b1032c9b-5d32-4c77-917b-e1b5f63cc8e2,simple,movie,True,18,11,10,15,4,0,0,0,other,1,0
b1032c9b-5d32-4c77-917b-e1b5f63cc8e2,simple,movie,True,18,12,10,15,5,0,0,0,other,1,0
b1032c9b-5d32-4c77-917b-e1b5f63cc8e2,simple,movie,True,18,13,10,15,6,0,0,0,other,1,0
b1032c9b-5d32-4c77-917b-e1b5f63cc8e2,simple,movie,True,18,14,10,15,7,0,0,0,other,1,0
b1032c9b-5d32-4c77-917b-e1b5f63cc8e2,simple,movie,True,18,15,10,15,1,1,0,0,other,1,1
b1032c9b-5d32-4c77-917b-e1b5f63cc8e2,simple,movie,True,18,16,10,15,2,0,0,0,other,1,1
b1032c9b-5d32-4c77-917b-e1b5f63cc8e2,simple,movie,True,18,17,10,15,3,0,0,0,other,1,1
b1032c9b-5d32-4c77-917b-e1b5f63cc8e2,simple,movie,True,18,18,10,15,4,0,1,0,other,1,1
b4f0ad58-e01e-46ae-92b5-38b5106226f9,simple_w_condition,sports,True,18,1,4,15,1,0,0,0,other,0,0
b4f0ad58-e01e-46ae-92b5-38b5106226f9,simple_w_condition,sports,True,18,2,4,15,1,1,0,0,other,0,0
b4f0ad58-e01e-46ae-92b5-38b5106226f9,simple_w_condition,sports,True,18,3,4,15,2,0,0,0,other,0,0
b4f0ad58-e01e-46ae-92b5-38b5106226f9,simple_w_condition,sports,True,18,4,4,15,1,1,0,0,other,1,0
b4f0ad58-e01e-46ae-92b5-38b5106226f9,simple_w_condition,sports,True,18,5,4,15,2,0,0,0,other,1,0
b4f0ad58-e01e-46ae-92b5-38b5106226f9,simple_w_condition,sports,True,18,6,4,15,3,0,0,0,other,1,0
b4f0ad58-e01e-46ae-92b5-38b5106226f9,simple_w_condition,sports,True,18,7,4,15,4,0,0,0,other,1,0
b4f0ad58-e01e-46ae-92b5-38b5106226f9,simple_w_condition,sports,True,18,8,4,15,5,0,0,0,other,1,0
b4f0ad58-e01e-46ae-92b5-38b5106226f9,simple_w_condition,sports,True,18,9,4,15,6,0,0,0,other,1,0
b4f0ad58-e01e-46ae-92b5-38b5106226f9,simple_w_condition,sports,True,18,10,4,15,7,0,1,0,other,1,0
b4f0ad58-e01e-46ae-92b5-38b5106226f9,simple_w_condition,sports,True,18,11,4,15,1,1,1,1,other,1,0
b4f0ad58-e01e-46ae-92b5-38b5106226f9,simple_w_condition,sports,True,18,12,4,15,2,0,1,2,other,1,0
b4f0ad58-e01e-46ae-92b5-38b5106226f9,simple_w_condition,sports,True,18,13,4,15,3,0,1,3,other,1,0
b4f0ad58-e01e-46ae-92b5-38b5106226f9,simple_w_condition,sports,True,18,14,4,15,4,0,1,4,other,1,0
b4f0ad58-e01e-46ae-92b5-38b5106226f9,simple_w_condition,sports,True,18,15,4,15,1,1,1,5,other,1,1
b4f0ad58-e01e-46ae-92b5-38b5106226f9,simple_w_condition,sports,True,18,16,4,15,2,0,1,6,other,1,1
b4f0ad58-e01e-46ae-92b5-38b5106226f9,simple_w_condition,sports,True,18,17,4,15,3,0,1,7,other,1,1
b4f0ad58-e01e-46ae-92b5-38b5106226f9,simple_w_condition,sports,True,18,18,4,15,4,0,1,8,other,1,1
d221a57a-4f28-435f-a5cf-5af54cbe6b4b,simple_w_condition,sports,True,19,1,19,19,1,0,0,0,who,0,0
d221a57a-4f28-435f-a5cf-5af54cbe6b4b,simple_w_condition,sports,True,19,2,19,19,2,0,0,0,who,0,0
d221a57a-4f28-435f-a5cf-5af54cbe6b4b,simple_w_condition,sports,True,19,3,19,19,3,0,0,0,who,0,0
d221a57a-4f28-435f-a5cf-5af54cbe6b4b,simple_w_condition,sports,True,19,4,19,19,1,1,0,0,who,0,0
d221a57a-4f28-435f-a5cf-5af54cbe6b4b,simple_w_condition,sports,True,19,5,19,19,2,0,0,0,who,0,0
d221a57a-4f28-435f-a5cf-5af54cbe6b4b,simple_w_condition,sports,True,19,6,19,19,3,0,0,0,who,0,0
d221a57a-4f28-435f-a5cf-5af54cbe6b4b,simple_w_condition,sports,True,19,7,19,19,4,0,0,0,who,0,0
d221a57a-4f28-435f-a5cf-5af54cbe6b4b,simple_w_condition,sports,True,19,8,19,19,5,0,0,0,who,0,0
d221a57a-4f28-435f-a5cf-5af54cbe6b4b,simple_w_condition,sports,True,19,9,19,19,6,0,0,0,who,0,0
d221a57a-4f28-435f-a5cf-5af54cbe6b4b,simple_w_condition,sports,True,19,10,19,19,7,0,0,0,who,0,0
d221a57a-4f28-435f-a5cf-5af54cbe6b4b,simple_w_condition,sports,True,19,11,19,19,1,1,0,0,who,0,0
d221a57a-4f28-435f-a5cf-5af54cbe6b4b,simple_w_condition,sports,True,19,12,19,19,2,0,0,0,who,0,0
d221a57a-4f28-435f-a5cf-5af54cbe6b4b,simple_w_condition,sports,True,19,13,19,19,1,1,0,0,who,0,0
d221a57a-4f28-435f-a5cf-5af54cbe6b4b,simple_w_condition,sports,True,19,14,19,19,2,0,0,0,who,0,0
d221a57a-4f28-435f-a5cf-5af54cbe6b4b,simple_w_condition,sports,True,19,15,19,19,3,0,0,0,who,0,0
d221a57a-4f28-435f-a5cf-5af54cbe6b4b,simple_w_condition,sports,True,19,16,19,19,1,1,0,0,who,0,0
d221a57a-4f28-435f-a5cf-5af54cbe6b4b,simple_w_condition,sports,True,19,17,19,19,2,0,0,0,who,0,0
d221a57a-4f28-435f-a5cf-5af54cbe6b4b,simple_w_condition,sports,True,19,18,19,19,1,1,0,0,who,0,0
d221a57a-4f28-435f-a5cf-5af54cbe6b4b,simple_w_condition,sports,True,19,19,19,19,1,1,0,0,who,1,1
3db5e36c-cadc-4fdd-b997-e43b547c0143,comparison,sports,True,10,1,4,5,1,0,0,0,other,0,0
3db5e36c-cadc-4fdd-b997-e43b547c0143,comparison,sports,True,10,2,4,5,1,1,1,0,other,0,0
3db5e36c-cadc-4fdd-b997-e43b547c0143,comparison,sports,True,10,3,4,5,2,0,1,1,other,0,0
3db5e36c-cadc-4fdd-b997-e43b547c0143,comparison,sports,True,10,4,4,5,1,1,1,2,other,1,0
3db5e36c-cadc-4fdd-b997-e43b547c0143,comparison,sports,True,10,5,4,5,1,1,1,3,other,1,1
3db5e36c-cadc-4fdd-b997-e43b547c0143,comparison,sports,True,10,6,4,5,2,0,1,4,other,1,1
3db5e36c-cadc-4fdd-b997-e43b547c0143,comparison,sports,True,10,7,4,5,3,0,1,5,other,1,1
3db5e36c-cadc-4fdd-b997-e43b547c0143,comparison,sports,True,10,8,4,5,4,0,1,6,other,1,1
3db5e36c-cadc-4fdd-b997-e43b547c0143,comparison,sports,True,10,9,4,5,5,0,1,7,other,1,1
3db5e36c-cadc-4fdd-b997-e43b547c0143,comparison,sports,True,10,10,4,5,6,0,1,8,other,1,1
dfd47dd2-5690-42b6-b668-29a2b930f1d1,simple_w_condition,open,True,8,1,3,3,1,0,0,0,which,0,0
dfd47dd2-5690-42b6-b668-29a2b930f1d1,simple_w_condition,open,True,8,2,3,3,2,0,0,0,which,0,0
dfd47dd2-5690-42b6-b668-29a2b930f1d1,simple_w_condition,open,True,8,3,3,3,1,1,0,0,which,1,1
dfd47dd2-5690-42b6-b668-29a2b930f1d1,simple_w_condition,open,True,8,4,3,3,2,0,0,0,which,1,1
dfd47dd2-5690-42b6-b668-29a2b930f1d1,simple_w_condition,open,True,8,5,3,3,3,0,1,0,which,1,1
dfd47dd2-5690-42b6-b668-29a2b930f1d1,simple_w_condition,open,True,8,6,3,3,4,0,1,1,which,1,1
dfd47dd2-5690-42b6-b668-29a2b930f1d1,simple_w_condition,open,True,8,7,3,3,5,0,1,2,which,1,1
dfd47dd2-5690-42b6-b668-29a2b930f1d1,simple_w_condition,open,True,8,8,3,3,6,0,1,3,which,1,1
de9783c8-3cc3-480c-9ed6-11c4ca090a4b,aggregation,music,True,11,1,4,2,1,0,0,0,how,0,0
de9783c8-3cc3-480c-9ed6-11c4ca090a4b,aggregation,music,True,11,2,4,2,1,1,0,0,how,0,1
de9783c8-3cc3-480c-9ed6-11c4ca090a4b,aggregation,music,True,11,3,4,2,2,0,0,0,how,0,1
de9783c8-3cc3-480c-9ed6-11c4ca090a4b,aggregation,music,True,11,4,4,2,3,0,0,0,how,1,1
de9783c8-3cc3-480c-9ed6-11c4ca090a4b,aggregation,music,True,11,5,4,2,4,0,0,0,how,1,1
de9783c8-3cc3-480c-9ed6-11c4ca090a4b,aggregation,music,True,11,6,4,2,5,0,0,0,how,1,1
de9783c8-3cc3-480c-9ed6-11c4ca090a4b,aggregation,music,True,11,7,4,2,6,0,0,0,how,1,1
de9783c8-3cc3-480c-9ed6-11c4ca090a4b,aggregation,music,True,11,8,4,2,7,0,0,0,how,1,1
de9783c8-3cc3-480c-9ed6-11c4ca090a4b,aggregation,music,True,11,9,4,2,8,0,0,0,how,1,1
de9783c8-3cc3-480c-9ed6-11c4ca090a4b,aggregation,music,True,11,10,4,2,9,0,0,0,how,1,1
de9783c8-3cc3-480c-9ed6-11c4ca090a4b,aggregation,music,True,11,11,4,2,10,0,0,0,how,1,1
66c854ab-036e-46d9-ba38-e195d63b0f3f,comparison,finance,True,16,1,1,10,1,0,0,0,other,1,0
66c854ab-036e-46d9-ba38-e195d63b0f3f,comparison,finance,True,16,2,1,10,2,0,0,0,other,1,0
66c854ab-036e-46d9-ba38-e195d63b0f3f,comparison,finance,True,16,3,1,10,3,0,0,0,other,1,0
66c854ab-036e-46d9-ba38-e195d63b0f3f,comparison,finance,True,16,4,1,10,1,1,0,0,other,1,0
66c854ab-036e-46d9-ba38-e195d63b0f3f,comparison,finance,True,16,5,1,10,2,0,0,0,other,1,0
66c854ab-036e-46d9-ba38-e195d63b0f3f,comparison,finance,True,16,6,1,10,3,0,0,0,other,1,0
66c854ab-036e-46d9-ba38-e195d63b0f3f,comparison,finance,True,16,7,1,10,4,0,0,0,other,1,0
66c854ab-036e-46d9-ba38-e195d63b0f3f,comparison,finance,True,16,8,1,10,5,0,0,0,other,1,0
66c854ab-036e-46d9-ba38-e195d63b0f3f,comparison,finance,True,16,9,1,10,6,0,0,0,other,1,0
66c854ab-036e-46d9-ba38-e195d63b0f3f,comparison,finance,True,16,10,1,10,1,1,0,0,other,1,1
66c854ab-036e-46d9-ba38-e195d63b0f3f,comparison,finance,True,16,11,1,10,2,0,0,0,other,1,1
66c854ab-036e-46d9-ba38-e195d63b0f3f,comparison,finance,True,16,12,1,10,3,0,0,0,other,1,1
66c854ab-036e-46d9-ba38-e195d63b0f3f,comparison,finance,True,16,13,1,10,4,0,0,0,other,1,1
66c854ab-036e-46d9-ba38-e195d63b0f3f,comparison,finance,True,16,14,1,10,5,0,0,0,other,1,1
66c854ab-036e-46d9-ba38-e195d63b0f3f,comparison,finance,True,16,15,1,10,6,0,0,0,other,1,1
66c854ab-036e-46d9-ba38-e195d63b0f3f,comparison,finance,True,16,16,1,10,7,0,0,0,other,1,1
8f44d279-42b0-490f-ab04-24dd1a7a47f5,multi-hop,movie,True,18,1,2,7,1,0,0,0,what,0,0
8f44d279-42b0-490f-ab04-24dd1a7a47f5,multi-hop,movie,True,18,2,2,7,2,0,0,0,what,1,0
8f44d279-42b0-490f-ab04-24dd1a7a47f5,multi-hop,movie,True,18,3,2,7,3,0,1,0,what,1,0
8f44d279-42b0-490f-ab04-24dd1a7a47f5,multi-hop,movie,True,18,4,2,7,4,0,1,1,what,1,0
8f44d279-42b0-490f-ab04-24dd1a7a47f5,multi-hop,movie,True,18,5,2,7,1,1,1,2,what,1,0
8f44d279-42b0-490f-ab04-24dd1a7a47f5,multi-hop,movie,True,18,6,2,7,1,1,1,3,what,1,0
8f44d279-42b0-490f-ab04-24dd1a7a47f5,multi-hop,movie,True,18,7,2,7,1,1,1,4,what,1,1
8f44d279-42b0-490f-ab04-24dd1a7a47f5,multi-hop,movie,True,18,8,2,7,2,0,1,5,what,1,1
8f44d279-42b0-490f-ab04-24dd1a7a47f5,multi-hop,movie,True,18,9,2,7,3,0,1,6,what,1,1
8f44d279-42b0-490f-ab04-24dd1a7a47f5,multi-hop,movie,True,18,10,2,7,4,0,1,7,what,1,1
8f44d279-42b0-490f-ab04-24dd1a7a47f5,multi-hop,movie,True,18,11,2,7,5,0,1,8,what,1,1
8f44d279-42b0-490f-ab04-24dd1a7a47f5,multi-hop,movie,True,18,12,2,7,6,0,1,9,what,1,1
8f44d279-42b0-490f-ab04-24dd1a7a47f5,multi-hop,movie,True,18,13,2,7,7,0,1,10,what,1,1
8f44d279-42b0-490f-ab04-24dd1a7a47f5,multi-hop,movie,True,18,14,2,7,8,0,1,11,what,1,1
8f44d279-42b0-490f-ab04-24dd1a7a47f5,multi-hop,movie,True,18,15,2,7,9,0,1,12,what,1,1
8f44d279-42b0-490f-ab04-24dd1a7a47f5,multi-hop,movie,True,18,16,2,7,10,0,1,13,what,1,1
8f44d279-42b0-490f-ab04-24dd1a7a47f5,multi-hop,movie,True,18,17,2,7,11,0,1,14,what,1,1
8f44d279-42b0-490f-ab04-24dd1a7a47f5,multi-hop,movie,True,18,18,2,7,12,0,1,15,what,1,1
dc5f06b6-165b-4664-964a-82dd0a1c0784,comparison,movie,True,14,1,7,14,1,0,0,0,what,0,0
dc5f06b6-165b-4664-964a-82dd0a1c0784,comparison,movie,True,14,2,7,14,1,1,0,0,what,0,0
dc5f06b6-165b-4664-964a-82dd0a1c0784,comparison,movie,True,14,3,7,14,1,1,0,0,what,0,0
dc5f06b6-165b-4664-964a-82dd0a1c0784,comparison,movie,True,14,4,7,14,2,0,0,0,what,0,0
dc5f06b6-165b-4664-964a-82dd0a1c0784,comparison,movie,True,14,5,7,14,1,1,0,0,what,0,0
dc5f06b6-165b-4664-964a-82dd0a1c0784,comparison,movie,True,14,6,7,14,2,0,0,0,what,0,0
dc5f06b6-165b-4664-964a-82dd0a1c0784,comparison,movie,True,14,7,7,14,1,1,1,0,what,1,0
dc5f06b6-165b-4664-964a-82dd0a1c0784,comparison,movie,True,14,8,7,14,1,1,1,1,what,1,0
dc5f06b6-165b-4664-964a-82dd0a1c0784,comparison,movie,True,14,9,7,14,2,0,1,2,what,1,0
dc5f06b6-165b-4664-964a-82dd0a1c0784,comparison,movie,True,14,10,7,14,3,0,1,3,what,1,0
dc5f06b6-165b-4664-964a-82dd0a1c0784,comparison,movie,True,14,11,7,14,4,0,1,4,what,1,0
dc5f06b6-165b-4664-964a-82dd0a1c0784,comparison,movie,True,14,12,7,14,5,0,1,5,what,1,0
dc5f06b6-165b-4664-964a-82dd0a1c0784,comparison,movie,True,14,13,7,14,6,0,1,6,what,1,0
dc5f06b6-165b-4664-964a-82dd0a1c0784,comparison,movie,True,14,14,7,14,1,1,1,7,what,1,1
9d7cddf2-551f-4029-bfbc-0254d5226ec0,simple,movie,True,12,1,5,6,1,0,0,0,what,0,0
9d7cddf2-551f-4029-bfbc-0254d5226ec0,simple,movie,True,12,2,5,6,1,1,0,0,what,0,0
9d7cddf2-551f-4029-bfbc-0254d5226ec0,simple,movie,True,12,3,5,6,2,0,0,0,what,0,0
9d7cddf2-551f-4029-bfbc-0254d5226ec0,simple,movie,True,12,4,5,6,3,0,0,0,what,0,0
9d7cddf2-551f-4029-bfbc-0254d5226ec0,simple,movie,True,12,5,5,6,1,1,0,0,what,1,0
9d7cddf2-551f-4029-bfbc-0254d5226ec0,simple,movie,True,12,6,5,6,1,1,0,0,what,1,1
9d7cddf2-551f-4029-bfbc-0254d5226ec0,simple,movie,True,12,7,5,6,2,0,0,0,what,1,1
9d7cddf2-551f-4029-bfbc-0254d5226ec0,simple,movie,True,12,8,5,6,3,0,0,0,what,1,1
9d7cddf2-551f-4029-bfbc-0254d5226ec0,simple,movie,True,12,9,5,6,4,0,0,0,what,1,1
9d7cddf2-551f-4029-bfbc-0254d5226ec0,simple,movie,True,12,10,5,6,5,0,0,0,what,1,1
9d7cddf2-551f-4029-bfbc-0254d5226ec0,simple,movie,True,12,11,5,6,6,0,0,0,what,1,1
9d7cddf2-551f-4029-bfbc-0254d5226ec0,simple,movie,True,12,12,5,6,7,0,0,0,what,1,1
63cd483d-e0ee-4b9a-96d6-cf5ccd5b6f54,simple,movie,True,11,1,3,9,1,0,0,0,other,0,0
63cd483d-e0ee-4b9a-96d6-cf5ccd5b6f54,simple,movie,True,11,2,3,9,2,0,0,0,other,0,0
63cd483d-e0ee-4b9a-96d6-cf5ccd5b6f54,simple,movie,True,11,3,3,9,1,1,0,0,other,1,0
63cd483d-e0ee-4b9a-96d6-cf5ccd5b6f54,simple,movie,True,11,4,3,9,2,0,0,0,other,1,0
63cd483d-e0ee-4b9a-96d6-cf5ccd5b6f54,simple,movie,True,11,5,3,9,3,0,0,0,other,1,0
63cd483d-e0ee-4b9a-96d6-cf5ccd5b6f54,simple,movie,True,11,6,3,9,4,0,0,0,other,1,0
63cd483d-e0ee-4b9a-96d6-cf5ccd5b6f54,simple,movie,True,11,7,3,9,5,0,0,0,other,1,0
63cd483d-e0ee-4b9a-96d6-cf5ccd5b6f54,simple,movie,True,11,8,3,9,6,0,0,0,other,1,0
63cd483d-e0ee-4b9a-96d6-cf5ccd5b6f54,simple,movie,True,11,9,3,9,1,1,0,0,other,1,1
63cd483d-e0ee-4b9a-96d6-cf5ccd5b6f54,simple,movie,True,11,10,3,9,2,0,0,0,other,1,1
63cd483d-e0ee-4b9a-96d6-cf5ccd5b6f54,simple,movie,True,11,11,3,9,3,0,0,0,other,1,1
48e1e005-bc23-45c2-8069-95092797b53b,simple,movie,True,9,1,3,2,1,0,0,0,when,0,0
48e1e005-bc23-45c2-8069-95092797b53b,simple,movie,True,9,2,3,2,1,1,0,0,when,0,1
48e1e005-bc23-45c2-8069-95092797b53b,simple,movie,True,9,3,3,2,2,0,1,0,when,1,1
48e1e005-bc23-45c2-8069-95092797b53b,simple,movie,True,9,4,3,2,3,0,1,1,when,1,1
48e1e005-bc23-45c2-8069-95092797b53b,simple,movie,True,9,5,3,2,4,0,1,2,when,1,1
48e1e005-bc23-45c2-8069-95092797b53b,simple,movie,True,9,6,3,2,5,0,1,3,when,1,1
48e1e005-bc23-45c2-8069-95092797b53b,simple,movie,True,9,7,3,2,6,0,1,4,when,1,1
48e1e005-bc23-45c2-8069-95092797b53b,simple,movie,True,9,8,3,2,7,0,1,5,when,1,1
48e1e005-bc23-45c2-8069-95092797b53b,simple,movie,True,9,9,3,2,8,0,1,6,when,1,1
